{"Bitcoin": {"lag": 1.0, "xcorr": 0.30470908759935866, "Jcoint": 2, "EGcoint": 1}, "Ethereum": {"lag": 5.0, "xcorr": 0.3446022895937193, "Jcoint": 2, "EGcoint": 1}, "Tether": {"lag": 83.0, "xcorr": 0.321500052730497, "Jcoint": 2, "EGcoint": 1}, "BNB": {"lag": 85.0, "xcorr": 0.2968559110822447, "Jcoint": 2, "EGcoint": 1}, "USD Coin": {"lag": 38.0, "xcorr": 0.2799404885252669, "Jcoint": 2, "EGcoint": 1}, "Solana": {"lag": 65.0, "xcorr": 0.37649680426393217, "Jcoint": 2, "EGcoint": 1}, "XRP": {"lag": 88.0, "xcorr": 0.31220023928975094, "Jcoint": 2, "EGcoint": 1}, "Cardano": {"lag": 80.0, "xcorr": 0.32633307313646587, "Jcoint": 2, "EGcoint": 1}, "Terra": {"lag": 82.0, "xcorr": 0.30773195272360165, "Jcoint": 2, "EGcoint": 1}, "Avalanche": {"lag": 100.0, "xcorr": 0.3496376507941536, "Jcoint": 1, "EGcoint": 1}, "Polkadot": {"lag": 97.0, "xcorr": 0.3479385223488841, "Jcoint": 2, "EGcoint": 1}, "Dogecoin": {"lag": 23.0, "xcorr": 0.46680529908728907, "Jcoint": 2, "EGcoint": 1}, "Binance USD": {"lag": 30.0, "xcorr": 0.22879548302587466, "Jcoint": 2, "EGcoint": 1}, "TerraUSD": {"lag": 87.0, "xcorr": 0.2730878652507873, "Jcoint": 2, "EGcoint": 1}, "Shiba Inu": {"lag": 22.0, "xcorr": 0.4036017093395671, "Jcoint": 2, "EGcoint": 1}, "Polygon": {"lag": 23.0, "xcorr": 0.41210540204156404, "Jcoint": 1, "EGcoint": 1}, "Wrapped Bitcoin": {"lag": 54.0, "xcorr": 0.2792869039277516, "Jcoint": 2, "EGcoint": 1}, "Cronos": {"lag": 92.0, "xcorr": 0.38542031046091707, "Jcoint": 1, "EGcoint": 1}, "NEAR Protocol": {"lag": 88.0, "xcorr": 0.3071092991100974, "Jcoint": 2, "EGcoint": 1}, "Dai": {"lag": 91.0, "xcorr": 0.32668547654068597, "Jcoint": 2, "EGcoint": 1}, "Cosmos": {"lag": 83.0, "xcorr": 0.2676599962638755, "Jcoint": 2, "EGcoint": 1}, "Litecoin": {"lag": 22.0, "xcorr": 0.31667350317905585, "Jcoint": 2, "EGcoint": 1}, "Chainlink": {"lag": 91.0, "xcorr": 0.2334392941733041, "Jcoint": 2, "EGcoint": 1}, "Uniswap": {"lag": 71.0, "xcorr": 0.3094057868125827, "Jcoint": 2, "EGcoint": 1}, "TRON": {"lag": 20.0, "xcorr": 0.41376482230075273, "Jcoint": 2, "EGcoint": 1}, "Bitcoin Cash": {"lag": 35.0, "xcorr": 0.3134940512940891, "Jcoint": 2, "EGcoint": 1}, "FTX Token": {"lag": 59.0, "xcorr": 0.3030265820882841, "Jcoint": 2, "EGcoint": 1}, "Ethereum Classic": {"lag": 97.0, "xcorr": 0.3733950422318239, "Jcoint": 1, "EGcoint": 1}, "Algorand": {"lag": 58.0, "xcorr": 0.34603911149613636, "Jcoint": 2, "EGcoint": 1}, "Stellar": {"lag": 56.0, "xcorr": 0.3039570825206967, "Jcoint": 2, "EGcoint": 1}, "UNUS SED LEO": {"lag": 85.0, "xcorr": 0.285148286646522, "Jcoint": 2, "EGcoint": 1}, "VeChain": {"lag": 95.0, "xcorr": 0.436522861345244, "Jcoint": 2, "EGcoint": 1}, "Waves": {"lag": 77.0, "xcorr": 0.37195377730378204, "Jcoint": 1, "EGcoint": 1}, "Decentraland": {"lag": 73.0, "xcorr": 0.533775256085696, "Jcoint": 1, "EGcoint": 1}, "Hedera": {"lag": 99.0, "xcorr": 0.33014388488083035, "Jcoint": 2, "EGcoint": 1}, "Internet Computer": {"lag": 58.0, "xcorr": 0.35807727645703114, "Jcoint": 2, "EGcoint": 1}, "Filecoin": {"lag": 41.0, "xcorr": 0.4372059259686078, "Jcoint": 2, "EGcoint": 1}, "Elrond": {"lag": 69.0, "xcorr": 0.4222920920657731, "Jcoint": 2, "EGcoint": 1}, "Fantom": {"lag": 57.0, "xcorr": 0.28729459173267397, "Jcoint": 2, "EGcoint": 1}, "The Sandbox": {"lag": 84.0, "xcorr": 0.2819381827740807, "Jcoint": 1, "EGcoint": 1}, "Theta Network": {"lag": 62.0, "xcorr": 0.34938780389479246, "Jcoint": 2, "EGcoint": 1}, "Axie Infinity": {"lag": 66.0, "xcorr": 0.4081567510262349, "Jcoint": 2, "EGcoint": 1}, "Monero": {"lag": 35.0, "xcorr": 0.2470176817637115, "Jcoint": 2, "EGcoint": 1}, "THORChain": {"lag": 94.0, "xcorr": 0.44334763786531256, "Jcoint": 1, "EGcoint": 1}, "Tezos": {"lag": 65.0, "xcorr": 0.3228713571957886, "Jcoint": 2, "EGcoint": 1}, "Aave": {"lag": 43.0, "xcorr": 0.2978262973344928, "Jcoint": 2, "EGcoint": 1}, "Klaytn": {"lag": 93.0, "xcorr": 0.3172328812333459, "Jcoint": 2, "EGcoint": 1}, "Helium": {"lag": 19.0, "xcorr": 0.34615036724923987, "Jcoint": 1, "EGcoint": 1}, "EOS": {"lag": 91.0, "xcorr": 0.41659665176460786, "Jcoint": 2, "EGcoint": 1}, "PancakeSwap": {"lag": 22.0, "xcorr": 0.2988733359574297, "Jcoint": 2, "EGcoint": 1}, "Flow": {"lag": 25.0, "xcorr": 0.4023195644762776, "Jcoint": 2, "EGcoint": 1}, "Zcash": {"lag": 35.0, "xcorr": 0.33245559689402515, "Jcoint": 1, "EGcoint": 1}, "IOTA": {"lag": 20.0, "xcorr": 0.3397162943040405, "Jcoint": 2, "EGcoint": 1}, "The Graph": {"lag": 64.0, "xcorr": 0.28982718703643495, "Jcoint": 2, "EGcoint": 1}, "Maker": {"lag": 50.0, "xcorr": 0.3171401567912023, "Jcoint": 2, "EGcoint": 1}, "eCash": {"lag": 54.0, "xcorr": 0.3779730439848959, "Jcoint": 1, "EGcoint": 1}, "Convex Finance": {"lag": 88.0, "xcorr": 0.4012185953846565, "Jcoint": 1, "EGcoint": 1}, "BitTorrent-New": {"lag": 64.0, "xcorr": 0.8311485510557276, "Jcoint": 2, "EGcoint": 1}, "Harmony": {"lag": 81.0, "xcorr": 0.3663373129525551, "Jcoint": 2, "EGcoint": 0}, "Stacks": {"lag": 80.0, "xcorr": 0.3826050540722314, "Jcoint": 2, "EGcoint": 1}, "Neo": {"lag": 52.0, "xcorr": 0.3423687176163886, "Jcoint": 2, "EGcoint": 1}, "Zilliqa": {"lag": 96.0, "xcorr": 0.4017151196829073, "Jcoint": 2, "EGcoint": 1}, "Bitcoin SV": {"lag": 86.0, "xcorr": 0.3616677572154846, "Jcoint": 2, "EGcoint": 1}, "Gala": {"lag": 80.0, "xcorr": 0.47625255417934137, "Jcoint": 1, "EGcoint": 1}, "Kusama": {"lag": 6.0, "xcorr": 0.3674903927343671, "Jcoint": 2, "EGcoint": 1}, "KuCoin Token": {"lag": 46.0, "xcorr": 0.5046767087862851, "Jcoint": 1, "EGcoint": 1}, "Chiliz": {"lag": 39.0, "xcorr": 0.3528590936386047, "Jcoint": 2, "EGcoint": 1}, "Quant": {"lag": 24.0, "xcorr": 0.36678470938209423, "Jcoint": 2, "EGcoint": 1}, "Celo": {"lag": 43.0, "xcorr": 0.34050417433660657, "Jcoint": 2, "EGcoint": 1}, "Enjin Coin": {"lag": 37.0, "xcorr": 0.37275775741902956, "Jcoint": 1, "EGcoint": 1}, "Huobi Token": {"lag": 57.0, "xcorr": 0.3916745302515525, "Jcoint": 2, "EGcoint": 0}, "Basic Attention Token": {"lag": 25.0, "xcorr": 0.6105539762079899, "Jcoint": 2, "EGcoint": 1}, "Dash": {"lag": 83.0, "xcorr": 0.3685074359478603, "Jcoint": 2, "EGcoint": 1}, "Nexo": {"lag": 75.0, "xcorr": 0.32909611829983665, "Jcoint": 2, "EGcoint": 1}, "Curve DAO Token": {"lag": 96.0, "xcorr": 0.28892135200368735, "Jcoint": 2, "EGcoint": 1}, "TrueUSD": {"lag": 83.0, "xcorr": 0.31732458750459, "Jcoint": 2, "EGcoint": 1}, "Arweave": {"lag": 66.0, "xcorr": 0.36671030466641763, "Jcoint": 2, "EGcoint": 1}, "Kadena": {"lag": 30.0, "xcorr": 0.41197367765951964, "Jcoint": 1, "EGcoint": 1}, "OKB": {"lag": 84.0, "xcorr": 0.3806130357718437, "Jcoint": 2, "EGcoint": 1}, "Mina": {"lag": 90.0, "xcorr": 0.37605463736093225, "Jcoint": 2, "EGcoint": 1}, "Holo": {"lag": 14.0, "xcorr": 0.4003866885582311, "Jcoint": 1, "EGcoint": 1}, "Amp": {"lag": 13.0, "xcorr": 0.3644491919119969, "Jcoint": 2, "EGcoint": 1}, "Compound": {"lag": 53.0, "xcorr": 0.35448374835011554, "Jcoint": 2, "EGcoint": 1}, "Theta Fuel": {"lag": 80.0, "xcorr": 0.30960968865199884, "Jcoint": 2, "EGcoint": 1}, "NEM": {"lag": 20.0, "xcorr": 0.3050677636532387, "Jcoint": 2, "EGcoint": 1}, "Oasis Network": {"lag": 83.0, "xcorr": 0.2613773658418512, "Jcoint": 1, "EGcoint": 1}, "Secret": {"lag": 96.0, "xcorr": 0.4868608890777498, "Jcoint": 2, "EGcoint": 1}, "IoTeX": {"lag": 1.0, "xcorr": 0.3940149904565732, "Jcoint": 1, "EGcoint": 1}, "Neutrino USD": {"lag": 46.0, "xcorr": 0.37153122204212563, "Jcoint": 0, "EGcoint": 1}, "Pax Dollar": {"lag": 83.0, "xcorr": 0.37799423738422167, "Jcoint": 2, "EGcoint": 1}, "yearn.finance": {"lag": 6.0, "xcorr": 0.31358610657136565, "Jcoint": 2, "EGcoint": 1}, "Decred": {"lag": 87.0, "xcorr": 0.5239835993287267, "Jcoint": 2, "EGcoint": 1}, "Qtum": {"lag": 52.0, "xcorr": 0.5677003179731576, "Jcoint": 2, "EGcoint": 1}, "_average": {"lag": 59.645161290322584, "xcorr": 0.3636968365720102, "Jcoint": 0.8870967741935484, "EGcoint": 0.978494623655914}}