{"Bitcoin": {"lag": 149.0, "xcorr": 0.386706280775362}, "Ethereum": {"lag": 146.0, "xcorr": 0.48382209065064397}, "Tether": {"lag": 146.0, "xcorr": 0.5933974914629501}, "BNB": {"lag": 143.0, "xcorr": 0.34890445391610575}, "USD Coin": {"lag": 141.0, "xcorr": 0.4937124716107602}, "XRP": {"lag": 143.0, "xcorr": 0.48388464108385315}, "Solana": {"lag": 146.0, "xcorr": 0.5642775151949879}, "Cardano": {"lag": 104.0, "xcorr": 0.46979796883132025}, "Terra": {"lag": 137.0, "xcorr": 0.4760711591525023}, "Avalanche": {"lag": 143.0, "xcorr": 0.5138728843203644}, "Polkadot": {"lag": 147.0, "xcorr": 0.36290788026259335}, "Dogecoin": {"lag": 40.0, "xcorr": 0.5119877182602258}, "Binance USD": {"lag": 148.0, "xcorr": 0.5249949326075932}, "TerraUSD": {"lag": 121.0, "xcorr": 0.4094088034288968}, "Shiba Inu": {"lag": 41.0, "xcorr": 0.6607227521752621}, "Polygon": {"lag": 146.0, "xcorr": 0.5732101087083621}, "Cronos": {"lag": 145.0, "xcorr": 0.4815635238029576}, "NEAR Protocol": {"lag": 146.0, "xcorr": 0.4186035267737091}, "Litecoin": {"lag": 133.0, "xcorr": 0.471900673249925}, "Cosmos": {"lag": 146.0, "xcorr": 0.5699466070996263}, "Uniswap": {"lag": 134.0, "xcorr": 0.545335279773088}, "Chainlink": {"lag": 149.0, "xcorr": 0.5135551978440402}, "TRON": {"lag": 127.0, "xcorr": 0.5633208581904698}, "Bitcoin Cash": {"lag": 146.0, "xcorr": 0.5060001140288642}, "FTX Token": {"lag": 128.0, "xcorr": 0.4360266325799556}, "Ethereum Classic": {"lag": 132.0, "xcorr": 0.5314369354607069}, "Algorand": {"lag": 147.0, "xcorr": 0.5441440399084273}, "Stellar": {"lag": 140.0, "xcorr": 0.4653320093565141}, "Waves": {"lag": 140.0, "xcorr": 0.560771953069785}, "Hedera": {"lag": 139.0, "xcorr": 0.5614225114362985}, "Decentraland": {"lag": 73.0, "xcorr": 0.5746039511566655}, "Theta Network": {"lag": 144.0, "xcorr": 0.5782607754667083}, "The Sandbox": {"lag": 146.0, "xcorr": 0.42337774820159385}, "Monero": {"lag": 150.0, "xcorr": 0.39322647413324774}, "THORChain": {"lag": 145.0, "xcorr": 0.5157935387474666}, "Axie Infinity": {"lag": 4.0, "xcorr": 0.42153122328453474}, "Fantom": {"lag": 139.0, "xcorr": 0.49829434128781325}, "Tezos": {"lag": 142.0, "xcorr": 0.5719647701555348}, "Aave": {"lag": 142.0, "xcorr": 0.37605112206538344}, "EOS": {"lag": 138.0, "xcorr": 0.4328237698657865}, "Helium": {"lag": 134.0, "xcorr": 0.376254350957005}, "Flow": {"lag": 21.0, "xcorr": 0.40054086395738997}, "PancakeSwap": {"lag": 143.0, "xcorr": 0.3642394163268064}, "Maker": {"lag": 149.0, "xcorr": 0.5136731383861619}, "Harmony": {"lag": 145.0, "xcorr": 0.40123153246829923}, "Zilliqa": {"lag": 145.0, "xcorr": 0.4141305837231838}, "Gala": {"lag": 141.0, "xcorr": 0.5055413844388593}, "Bitcoin SV": {"lag": 138.0, "xcorr": 0.3994923638230874}, "KuCoin Token": {"lag": 147.0, "xcorr": 0.547539376342208}, "Loopring": {"lag": 105.0, "xcorr": 0.5938770517763419}, "Convex Finance": {"lag": 117.0, "xcorr": 0.5721074072150203}, "Celo": {"lag": 146.0, "xcorr": 0.4630162081461998}, "Dash": {"lag": 26.0, "xcorr": 0.35083418793472776}, "Nexo": {"lag": 143.0, "xcorr": 0.6474255752662365}, "Arweave": {"lag": 128.0, "xcorr": 0.60385760607034}, "STEPN": {"lag": 17.0, "xcorr": 1.0}, "Mina": {"lag": 144.0, "xcorr": 0.38401393764777914}, "Amp": {"lag": 144.0, "xcorr": 0.5722456417176687}, "Holo": {"lag": 133.0, "xcorr": 0.7289276386223801}, "Compound": {"lag": 147.0, "xcorr": 0.5127185630652176}, "Oasis Network": {"lag": 148.0, "xcorr": 0.4037189518187936}, "Decred": {"lag": 85.0, "xcorr": 0.4166494462673924}, "Secret": {"lag": 135.0, "xcorr": 0.43141808235681267}, "Gnosis": {"lag": 149.0, "xcorr": 0.5136265661401113}, "Symbol": {"lag": 126.0, "xcorr": 0.494102293513922}, "_average": {"lag": 127.26153846153846, "xcorr": 0.4988330599594282}}