{"Bitcoin": {"lag": 83.0, "xcorr": 0.3987700221543881}, "Ethereum": {"lag": 147.0, "xcorr": 0.48382209065064397}, "Tether": {"lag": 143.0, "xcorr": 0.5595076334225555}, "BNB": {"lag": 143.0, "xcorr": 0.34890445391610575}, "USD Coin": {"lag": 143.0, "xcorr": 0.4937124716107602}, "XRP": {"lag": 126.0, "xcorr": 0.39403026333823854}, "Solana": {"lag": 147.0, "xcorr": 0.5642775151949879}, "Cardano": {"lag": 105.0, "xcorr": 0.41735557225349434}, "Terra": {"lag": 139.0, "xcorr": 0.4760711591525023}, "Avalanche": {"lag": 128.0, "xcorr": 0.44778604840281794}, "Polkadot": {"lag": 147.0, "xcorr": 0.3993754290035223}, "Dogecoin": {"lag": 40.0, "xcorr": 0.5119877182602258}, "Binance USD": {"lag": 148.0, "xcorr": 0.5249949326075932}, "TerraUSD": {"lag": 125.0, "xcorr": 0.38800229449162493}, "Shiba Inu": {"lag": 41.0, "xcorr": 0.6607227521752621}, "Wrapped Bitcoin": {"lag": 147.0, "xcorr": 0.5547979599314736}, "Polygon": {"lag": 134.0, "xcorr": 0.5647074886618453}, "Cronos": {"lag": 146.0, "xcorr": 0.4815635238029576}, "Dai": {"lag": 148.0, "xcorr": 0.470385262880147}, "NEAR Protocol": {"lag": 148.0, "xcorr": 0.4186035267737091}, "Litecoin": {"lag": 132.0, "xcorr": 0.4409735900917699}, "Cosmos": {"lag": 147.0, "xcorr": 0.5381769770990449}, "Uniswap": {"lag": 123.0, "xcorr": 0.4107127398531009}, "Chainlink": {"lag": 147.0, "xcorr": 0.49553842014845706}, "TRON": {"lag": 128.0, "xcorr": 0.5055321547185211}, "Bitcoin Cash": {"lag": 147.0, "xcorr": 0.5060001140288642}, "FTX Token": {"lag": 128.0, "xcorr": 0.4360266325799556}, "Ethereum Classic": {"lag": 134.0, "xcorr": 0.5314369354607069}, "Algorand": {"lag": 147.0, "xcorr": 0.5441440399084273}, "Stellar": {"lag": 142.0, "xcorr": 0.46711029260479375}, "UNUS SED LEO": {"lag": 88.0, "xcorr": 0.6671266234152969}, "Waves": {"lag": 140.0, "xcorr": 0.560771953069785}, "VeChain": {"lag": 44.0, "xcorr": 0.4624316582683641}, "Hedera": {"lag": 140.0, "xcorr": 0.5402073617066778}, "Decentraland": {"lag": 73.0, "xcorr": 0.5799361145056952}, "Filecoin": {"lag": 41.0, "xcorr": 0.4668559317321324}, "Internet Computer": {"lag": 148.0, "xcorr": 0.25127572218259847}, "Elrond": {"lag": 143.0, "xcorr": 0.5122769793749983}, "Theta Network": {"lag": 144.0, "xcorr": 0.5782607754667083}, "The Sandbox": {"lag": 147.0, "xcorr": 0.42337774820159385}, "Monero": {"lag": 129.0, "xcorr": 0.31237096268595443}, "THORChain": {"lag": 145.0, "xcorr": 0.5157935387474666}, "Axie Infinity": {"lag": 4.0, "xcorr": 0.4014472881508874}, "Fantom": {"lag": 139.0, "xcorr": 0.49829434128781325}, "Tezos": {"lag": 147.0, "xcorr": 0.539572081301023}, "Klaytn": {"lag": 93.0, "xcorr": 0.4291281400129184}, "Aave": {"lag": 101.0, "xcorr": 0.39159140158243927}, "EOS": {"lag": 138.0, "xcorr": 0.4328237698657865}, "Helium": {"lag": 134.0, "xcorr": 0.376254350957005}, "Zcash": {"lag": 124.0, "xcorr": 0.533871197071991}, "Flow": {"lag": 123.0, "xcorr": 0.4718388649569986}, "IOTA": {"lag": 146.0, "xcorr": 0.4684265904874324}, "PancakeSwap": {"lag": 143.0, "xcorr": 0.3642394163268064}, "The Graph": {"lag": 135.0, "xcorr": 0.4257483087796991}, "Maker": {"lag": 149.0, "xcorr": 0.5136731383861619}, "Neo": {"lag": 135.0, "xcorr": 0.5519412711633372}, "Stacks": {"lag": 90.0, "xcorr": 0.32121809712134486}, "BitTorrent-New": {"lag": 73.0, "xcorr": 0.9999999999999999}, "Harmony": {"lag": 146.0, "xcorr": 0.40123153246829923}, "Zilliqa": {"lag": 145.0, "xcorr": 0.4141305837231838}, "Gala": {"lag": 141.0, "xcorr": 0.5055413844388593}, "Bitcoin SV": {"lag": 138.0, "xcorr": 0.3994923638230874}, "Chiliz": {"lag": 135.0, "xcorr": 0.7180791246572668}, "eCash": {"lag": 124.0, "xcorr": 0.34397379067688544}, "Quant": {"lag": 147.0, "xcorr": 0.4114288313502109}, "KuCoin Token": {"lag": 147.0, "xcorr": 0.547539376342208}, "Loopring": {"lag": 106.0, "xcorr": 0.5798485163333463}, "Convex Finance": {"lag": 117.0, "xcorr": 0.5721074072150203}, "Kusama": {"lag": 131.0, "xcorr": 0.6074811463677746}, "Enjin Coin": {"lag": 140.0, "xcorr": 0.43832372898417354}, "Celo": {"lag": 146.0, "xcorr": 0.4630162081461998}, "Huobi Token": {"lag": 121.0, "xcorr": 0.513305897224395}, "Dash": {"lag": 26.0, "xcorr": 0.35083418793472776}, "TrueUSD": {"lag": 117.0, "xcorr": 0.4185038817429608}, "Nexo": {"lag": 143.0, "xcorr": 0.6474255752662365}, "Basic Attention Token": {"lag": 53.0, "xcorr": 0.6105240270991416}, "Curve DAO Token": {"lag": 124.0, "xcorr": 0.579203073078827}, "Arweave": {"lag": 128.0, "xcorr": 0.60385760607034}, "OKB": {"lag": 77.0, "xcorr": 0.35592301957679734}, "STEPN": {"lag": 17.0, "xcorr": 1.0}, "Mina": {"lag": 144.0, "xcorr": 0.38401393764777914}, "Amp": {"lag": 144.0, "xcorr": 0.5722456417176687}, "Holo": {"lag": 133.0, "xcorr": 0.7289276386223801}, "Kadena": {"lag": 29.0, "xcorr": 0.5009968298335169}, "NEM": {"lag": 134.0, "xcorr": 0.5095741731551763}, "Compound": {"lag": 149.0, "xcorr": 0.5127185630652176}, "Theta Fuel": {"lag": 107.0, "xcorr": 0.9944863874354932}, "Oasis Network": {"lag": 147.0, "xcorr": 0.5301700630985884}, "Pax Dollar": {"lag": 137.0, "xcorr": 0.5049502507747908}, "Decred": {"lag": 85.0, "xcorr": 0.4166494462673924}, "IoTeX": {"lag": 1.0, "xcorr": 0.4261992783083994}, "Secret": {"lag": 135.0, "xcorr": 0.3946240554478178}, "Qtum": {"lag": 138.0, "xcorr": 0.6532249381804452}, "yearn.finance": {"lag": 146.0, "xcorr": 0.60869167437712}, "Gnosis": {"lag": 149.0, "xcorr": 0.5136265661401113}, "Neutrino USD": {"lag": 120.0, "xcorr": 0.4406444364793353}, "Symbol": {"lag": 127.0, "xcorr": 0.494102293513922}, "BORA": {"lag": 133.0, "xcorr": 0.8755734342234355}, "OMG Network": {"lag": 145.0, "xcorr": 0.474681956979405}, "_average": {"lag": 121.52525252525253, "xcorr": 0.5054914794926803}}